{
    "loss": 0.27476927638053894,
    "accuracy": 0.9607207179069519
}