{
    "loss": 0.24265968799591064,
    "accuracy": 0.9699099063873291
}